item,itemLabel,startDate,endDate
Q677342,Armand De Decker,1999-07-14,2004-07-20
Q467291,Anne-Marie Lizin,2004-07-20,2007-05-02
Q677342,Armand De Decker,2007-07-12,2010-05-07
Q163670,Danny Pieters,2010-07-20,2011-10-10
Q2325582,Sabine de Bethune,2011-10-11,2014-10-14
Q2965912,Christine Defraigne,2014-10-14,2018-12-03
Q1677920,Jacques Brotchi,2018-12-14,2019-05-23
Q508073,Sabine Laruelle,2019-07-18,2020-10-13
Q62518481,Stephanie D'Hose,2020-10-13,
